{
  "centroids": {
    "Rogue": {
      "rssi": -35.12363451615291,
      "rssi_std": 15.00462094178273,
      "enc": 1.508,
      "ssid_sim": 0.898063260581479,
      "bssid_uniq": 1.0,
      "chan_stab": 0.2001664289446575,
      "rssi_var": 24.918611464747382,
      "dist_dev": 1.1974192874891025,
      "chan_switch": 2.962
    },
    "Safe": {
      "rssi": -64.90333972088837,
      "rssi_std": 1.535418118624578,
      "enc": 4.49,
      "ssid_sim": 0.0983538315100887,
      "bssid_uniq": 0.0,
      "chan_stab": 0.8990078265236514,
      "rssi_var": 4.874955830759641,
      "dist_dev": 0.19590712873666494,
      "chan_switch": 0.0
    },
    "Suspicious": {
      "rssi": -50.25897407474872,
      "rssi_std": 7.921353560516474,
      "enc": 1.99,
      "ssid_sim": 0.45007690641925036,
      "bssid_uniq": 0.51,
      "chan_stab": 0.49826893562299013,
      "rssi_var": 15.260160592900002,
      "dist_dev": 0.613098189696492,
      "chan_switch": 1.498
    }
  },
  "scaler_mean": [
    -53.797322008169594,
    6.49920268488709,
    3.1195,
    0.3862119575052267,
    0.3775,
    0.6241127544037377,
    12.482170929791666,
    0.5505829336647311,
    1.115
  ],
  "scaler_scale": [
    13.613513001273388,
    6.277043481189004,
    1.8243409083830797,
    0.3349897264563985,
    0.48476153931598165,
    0.30879141227738394,
    10.270309454595546,
    0.5068705691170444,
    1.3163491178255107
  ],
  "best_k": 3,
  "metrics": {
    "knn_accuracy": 1.0,
    "knn_f1_weighted": 1.0,
    "if_auc": 0.9999250000000001
  }
}